FirstName,MiddleName,LastName,DOB,Role,Username,PasswordHash,RegDate,LastAccess
Danielle,Angel,Hill,1969-01-14 00:00,administrator,rhodespatricia,eff3cfda4c3ba15ea3e712126f43fe74f72330166e4d48e6a32e8f5523f8e016,2021-10-28 00:00,2024-04-01 20:06
Jeffery,,Wagner,1959-08-07 00:00,instructor,jennifermiles,ceaff6348269e17def2e71a64632d91c8c24c02deb58540bf9e307b75156589d,2021-12-10 00:00,2024-04-08 19:48
Misty,Katherine,Moore,1978-08-11 00:00,instructor,eric51,0ca5be342b990ecfcabbed3c741429aa3a8692cbfc32f3ab68a0b87a3b69fb75,2020-06-01 00:00,2024-04-24 20:09
Cassandra,Lindsay,Blair,1984-01-24 00:00,instructor,smiller,c2cf189e6c574b4ddf8080a491c006a1edfb563427431a5466cb28d6fd0cb4ad,2022-09-04 00:00,2024-04-25 05:44
Barbara,Janet,Williams,1969-04-06 00:00,administrator,tracie31,e8bbf1e0f0250009593680e044436692f70bb59f4e824ae0d39816bcc1383e6b,2021-12-17 00:00,2024-04-24 11:07
Francisco,,Kelly,1990-06-29 00:00,administrator,lynchgeorge,03c4ed33aae6ea33d5601ad5273d1a1d99b72557edd751e660f8f94a9196af71,2020-09-15 00:00,2024-04-11 16:10
Veronica,Danielle,Hawkins,1991-03-09 00:00,instructor,perezantonio,2f6814daa41611d1e6c2fa789093b35b24440b208474c8b53780216cc5388d4f,2021-02-27 00:00,2024-04-06 22:26
Sherri,Nancy,Edwards,1989-10-14 00:00,instructor,pwilkerson,abb346954e29a8141c8cb94eddfb8190b61b3051dfa0b4ec95d5e29d93e182d8,2021-02-22 00:00,2024-04-07 22:30
Anna,Jose,Richards,2001-06-02 00:00,instructor,icox,3d619a80cb72cbf36f3b748cceda13cc11ed075f9c7882fad0fad47bb53062ec,2020-05-23 00:00,2024-04-02 07:48
Daniel,Courtney,Conner,1978-08-03 00:00,administrator,cruzcaitlin,bdbf14651583c1450cb2e4f3f608cd80f9a377f592adf41bfd848b5f52bf665d,2021-02-01 00:00,2024-04-16 13:29
Sherri,,Frazier,1963-10-28 00:00,administrator,kayla51,17c06b7c8b35e5a1bc59350f4bbd38f2d8ceaea1eb9e04ce03e340e3752d2a66,2020-09-06 00:00,2024-04-01 02:11
Jennifer,,Cortez,2004-12-22 00:00,instructor,williamrodriguez,fbfa34ba9db360181b064f766eb94bb064d0a0774ebd6711783f2c9dc0748f35,2023-08-22 00:00,2024-04-15 06:43
James,,Brooks,1966-01-29 00:00,administrator,georgetracy,b3bb9d1e92c7bbea563322d9e3093734aef147b530cf2c33e3e35cbd4485493a,2021-07-27 00:00,2024-04-28 17:12
Lindsay,John,Allen,1985-07-22 00:00,instructor,millertodd,591c42abf05a3a10a32490568bcd7e0819dfdbf55a8c9d5742121b0fa66a96a9,2023-04-16 00:00,2024-04-22 13:01
David,,Alvarez,1984-09-18 00:00,administrator,allison96,ee812f64f9dfc12ca46bb74d063aeefa350a914638c212e8580f0e96f0a403d7,2024-01-07 00:00,2024-04-22 05:53
Hannah,,Marquez,1977-06-23 00:00,student,samuel87,5650cfc48d9bb489ba3c6daf9dd03fa5f2729a6f1ec678eece333e31851553d2,2020-12-21 00:00,2024-04-10 12:14
Brianna,Jerry,Robinson,1961-09-24 00:00,instructor,perezrebecca,1bf19464968316be77526f96d1d2587088d7fd9e45dea34d12fe8bfc88f80a8c,2020-04-21 00:00,2024-04-07 16:40
Elizabeth,Jason,Anderson,2003-03-25 00:00,student,esanchez,20d32038e970d79360f062c4bfdaa885f7144e15869ebba1617b82e75c9901de,2020-10-27 00:00,2024-04-03 17:26
Ryan,,Henderson,1980-09-27 00:00,instructor,nuneztracey,a5d034d07c5bc0ebdc3a0bcda8a30069a80110bd151fc84b5f4eff61bedc7a50,2021-09-28 00:00,2024-04-10 13:04
Michelle,,Wright,1967-06-15 00:00,instructor,ltaylor,a43ccd7f1d9f16fffbf1d4bf54457f2a7c8e2d1313f19ac96248b269ec5eb595,2021-01-29 00:00,2024-04-26 23:18
Scott,,Callahan,1984-09-27 00:00,student,pearsonamber,6b4bbb9a8d82e78b11908fe18519b9c287657772ebae8d92b0db4dd9c7368abc,2020-05-27 00:00,2024-04-22 04:44
Joel,,Russell,1981-06-06 00:00,instructor,kbarrera,9464d4b576d91a15044ff6a460b1090b5ab23448f56830d87b3eba90416590ab,2024-04-05 00:00,2024-04-08 11:02
Kristen,Spencer,Henderson,2004-04-10 00:00,administrator,smoore,e663ea28d272104306cdbe5e1bdf63f270dac7130db90d477d3e46658d09798d,2020-04-02 00:00,2024-04-21 16:42
Bruce,Lee,Williams,1981-03-18 00:00,student,brianromero,39b2b90d34ffee16a956d09a085c11dbbf2d0f40bd372850313af946bf99e537,2020-04-18 00:00,2024-04-02 21:52
Michelle,,Powell,2003-07-10 00:00,administrator,bethwilliams,18bed2cc0f3675b6caacf7ae6fbc3bd1a33b7fe6f0c9218e75d3eb582a7e798b,2022-11-04 00:00,2024-04-16 21:35
Leslie,,Green,1990-06-21 00:00,administrator,john62,0a531f31e9f18d6fa942799addbfc86067efdd8aebb65ee04a3643ded09375a4,2021-04-18 00:00,2024-04-09 21:27
Karen,Charles,Ellis,2006-04-01 00:00,administrator,jonesjason,8b124a42d3eeb70314712b3e1cd4bb408059dce0dc3e35c34b552b69d04e9512,2024-01-14 00:00,2024-04-25 18:40
Natasha,Mike,Moore,1998-05-06 00:00,administrator,cheryl80,9bac23948bf948168c56061950462866086411fec3ed8e93e9dfb42c2168884c,2022-05-26 00:00,2024-04-27 05:02
Dale,Natalie,Baker,2001-01-11 00:00,instructor,josephjacobs,ce9a588574674e0e04b212eeeeb95d0f7af041f87c85c1117057f3ab506317e8,2020-11-17 00:00,2024-04-18 20:10
Joseph,Tracy,Whitehead,1998-12-08 00:00,student,waltersmaria,5941a74f3096328368f9fb45e014298c1d8858b034b2488831d5a3a08057b149,2021-06-11 00:00,2024-04-04 16:19
Tina,Evan,Ramos,1992-03-12 00:00,instructor,rodriguezsierra,f0344539c169c317e7b53dbecccee6e770ca238a3471d797fd1b3f68e00625a3,2020-08-23 00:00,2024-04-02 00:19
Mike,,Tran,1978-12-15 00:00,student,parkerrachel,caca8ed1c6a414cca9453ad799184fb4d934fb1d2da20c74544d4ddc374aa55b,2023-09-21 00:00,2024-04-26 06:52
Jason,,Wright,1963-04-05 00:00,student,vdickson,01d18e91e195937d3464e9af4fc0717fbbaaa6e28bf8aa0ac6e6e6baa2fd635c,2024-01-09 00:00,2024-04-25 07:42
Theresa,,Cochran,2000-08-18 00:00,instructor,whitesandra,31824717d9527c6520a4951ec41dbf5b48db11fe308b7dc794191ea878bc8609,2021-10-12 00:00,2024-04-19 20:15
Jill,John,Moore,1991-12-26 00:00,student,ebrennan,53cf550022234610bc578cb2df5b51d56c4c2b8b704631a378cc2e7e8680c9ba,2023-07-14 00:00,2024-04-13 22:45
Kevin,,Pope,1969-04-01 00:00,administrator,kellerraymond,ff0a9331693b138dda644eeb50a2a50ca0848d0b75ffd94e9dc1a1df035edcd4,2020-04-19 00:00,2024-04-22 18:04
Michael,William,Frazier,1998-10-27 00:00,administrator,sheila14,fe44fa61c1e07eb51f6e5512aa50d749aa84bbe1f687006fc5191c469f743744,2024-02-29 00:00,2024-04-08 11:13
Daniel,Ryan,Chandler,1973-05-19 00:00,administrator,cruzbarbara,803a863b748053f9f48a8679edb404f7d3b9a1b9f8adaa1973aab4e0241f0899,2023-01-24 00:00,2024-04-01 01:08
Sara,Amanda,Ball,1993-12-08 00:00,administrator,michaeljones,53b5fb6fa4e7c7552125d4f40e01b4094c99f79af95c87043705ec6ffc0f74fe,2021-06-05 00:00,2024-04-09 19:55
Melanie,,Cortez,1972-09-27 00:00,instructor,elizabeth56,2150bd90012ab6ccd60a97ce36ccb1ac277c296d0ee157d99f8ec5acf1c2db95,2022-05-25 00:00,2024-04-06 09:30
Elizabeth,,Gray,1994-03-27 00:00,student,christinaturner,61bf324db06c4f7465ffc1d46325cd667ab81c3b788d644b14ae31eab343c677,2020-01-01 00:00,2024-04-09 01:41
Russell,Bethany,Pena,1980-08-23 00:00,administrator,glowe,36332455688701f7ae84f8587440366dfdcbd5802dc58c2d676884b99b3972b2,2023-11-24 00:00,2024-04-23 09:24
Gene,,Miller,1983-01-24 00:00,administrator,clarence34,b9ebadbe12e95ad67ee6ffdb8f0155701bd1b785244f3a4a768823896238c75a,2020-11-10 00:00,2024-04-01 16:29
John,Thomas,Atkinson,1961-10-26 00:00,instructor,kmercado,f62d5119c23a5cf337c6fbf31ac1870c582eac7e8ee4d111725014494525b61d,2023-01-05 00:00,2024-04-14 21:45
John,,Douglas,1958-08-04 00:00,instructor,osbornejeffery,426e6f35d6acb88a3642b9ff3ffe9456aa9118d1162c7613e63e5f439ced0a89,2023-01-04 00:00,2024-04-14 01:37
Angela,,Lowery,1964-02-24 00:00,student,lauriecontreras,5b21bb292e85d9bfbfc1efc2a41956c235a4d0390a17d7c340a3d785ffef5cc9,2022-07-29 00:00,2024-04-27 17:23
Patricia,Cheyenne,Ball,1982-07-21 00:00,instructor,vmerritt,a3f8ee47224c0bdfe0ed1a71cedaf9fe1eb63e9fb97326c05ecddc575ac3432c,2021-12-12 00:00,2024-04-22 03:32
Mary,,Ramirez,1995-08-27 00:00,administrator,rsims,0fad97dc6ca0e9ff1acdd64b4a9f7e69e3e9fe8a23996a245513f794eda043de,2023-02-01 00:00,2024-04-07 14:18
Matthew,,Orozco,1962-03-11 00:00,instructor,jessebenson,0991c7cd4f57ae43d735c728d12e5f8d36734283e3d62d750e0411901e96d620,2020-04-11 00:00,2024-04-12 11:10
Amy,,Perry,1968-04-02 00:00,student,xprice,c9aa02dc30992d2a1d10ca9125ca4ce35632ee9444b2393b71d953a2fdbb2386,2023-01-03 00:00,2024-04-25 02:23
Kathy,,James,1958-08-10 00:00,instructor,kenneth66,cdaf3d6e9fc9c3bc129fa52d3def09d3f43d986df268ef071844425a8f67a12c,2023-03-06 00:00,2024-04-23 12:00
Rachael,Tracy,Nelson,1981-08-20 00:00,instructor,rrogers,2a9e1e5f1e5e8c776e1a0d19ee54fe034bfe38386b5e77430363bc77629a0a18,2023-02-18 00:00,2024-04-24 15:26
Samantha,,Hooper,1983-12-18 00:00,administrator,qvargas,858d3cbb26320c6dbd2eb61f334481369fd4e03b46db3521192b4322cb70c31c,2022-10-12 00:00,2024-04-04 19:36
Steven,,Williams,1976-07-09 00:00,administrator,shawnrogers,c4979c93c51912d4c14cd487be03b7933e58243d78c290aad27d18ef72820a81,2021-03-15 00:00,2024-04-27 18:10
Robert,,Conley,1980-11-24 00:00,administrator,cookemichael,ffce623735273f5a0debd5ba056a2dfa5fba33d37e3e20df113412b1cdd49414,2023-05-19 00:00,2024-04-19 08:00
Karen,Stefanie,Gonzalez,1959-04-21 00:00,student,johnwells,5aed8ad8be70c005667ea63c08d2bf22bc69758db87d98dd0d30f6f8cf845950,2024-02-06 00:00,2024-04-14 01:57
Jonathan,,Wood,1987-05-29 00:00,instructor,stricklandfrank,e97755c516f591796e2add13200a3f03a8a3c03703ee7827349208880649b252,2022-07-03 00:00,2024-04-27 03:06
Barbara,Rebecca,Brooks,2003-07-07 00:00,instructor,charlesvaughn,c5e60f343cc04dc44e0efb2e8504ee3c1433ffaa3b841cebbacdc9a7ed66dd76,2020-06-10 00:00,2024-04-22 17:30
Melissa,Caroline,Martinez,2005-07-19 00:00,instructor,reedross,8a9a539cb44fc2fe01406f07515dd287be5e0402d396089d2be5a0db63c0c904,2022-03-10 00:00,2024-04-10 14:22
Melissa,Lynn,Garcia,2004-06-10 00:00,administrator,bzimmerman,075e03fc67099b2c75ae2ae220b0ab1a241ec9f5ab11d193939d8e58a2cb5029,2022-04-04 00:00,2024-04-19 07:07
Christina,,Gillespie,1995-07-05 00:00,administrator,ugraham,85680c4f47ec223e4a552944d8eea569c1e0d8c06f9b957573ddccd89dbed3b2,2021-05-24 00:00,2024-04-07 21:44
Sarah,Joshua,Hayes,1994-05-07 00:00,administrator,frogers,ada5f669009da246045a7b024fa2c96b34ad958f15415a1bf2cf1f19607bbaa6,2020-10-14 00:00,2024-04-06 23:12
Lauren,,Peterson,2000-07-30 00:00,student,angela83,e42272df4c8f320c2a60ac95c05235135ca55b1ec0715fd1847146f842249ac6,2023-02-11 00:00,2024-04-14 17:50
Katherine,,Vaughn,1989-04-29 00:00,administrator,bwest,a068130a35962d26b4370ea6eb4a9326759f49ddc019cae1df27cd4e2cf5a871,2020-12-16 00:00,2024-04-20 11:02
Kevin,,Perkins,1981-01-15 00:00,administrator,ronald85,e803ad7a82e8c1b484505a853ce2b6f82d14b716e6fe53654e9b46e5b7050b9e,2021-12-17 00:00,2024-04-09 15:00
Jerry,Jennifer,Stewart,1993-12-25 00:00,administrator,jamesrodgers,8275f402712ae2938886848d9d747a7dc0174a3fba9309b346dba99dd6310bb7,2022-07-20 00:00,2024-04-22 09:13
Candice,Tina,Wall,1972-07-17 00:00,administrator,harry08,f1c828ab2d77771ddd24eacca8b787a197c178fd827f412f9974cb48f6056b2c,2020-03-12 00:00,2024-04-02 12:48
Kelly,,Raymond,1988-12-10 00:00,administrator,agarcia,46298dc2d50c4ac641dd14bcf31c8ce37b8c60b425a855920ccd6e00c7e2bdef,2022-01-11 00:00,2024-04-13 09:21
Jack,,Williams,2003-06-30 00:00,administrator,ewilson,a19fffc56d7a9af93cade712be89d34f4ea1fc16d04f00c60abd28375154aae7,2020-04-27 00:00,2024-04-18 16:56
Brian,,Hernandez,1985-05-04 00:00,instructor,christopher31,c60ae483465a0ba4c2486c75c7e148081e3c17c276d8a46396851171f5862201,2021-10-19 00:00,2024-04-17 18:27
Christine,Kimberly,James,2001-12-06 00:00,student,michelle64,8e226db82c3bf013a3f78a9713226e4f91d77c7d20812219729efb2c558489c1,2020-04-05 00:00,2024-04-28 00:10
Cory,Kathryn,Garrett,1971-01-10 00:00,student,mooreglenn,a28a2b3e4ca15fcdcb72c8595b4669b96f8506d65105876d4e14e76c92073c8f,2020-01-05 00:00,2024-04-13 16:08
Brittney,,Carter,1969-06-08 00:00,administrator,jacqueline71,479891f8ecd5978bfeac9c7512ef9ec4861c30c2a4d8bebc51a01a7093ffd10d,2023-12-30 00:00,2024-04-23 03:52
Colleen,Donna,Peck,1978-09-24 00:00,administrator,deborahkerr,498a1e647589a616b47ab38b1545ce4cdbe2eff92e620c132a724e99c83118fc,2020-04-22 00:00,2024-04-05 16:00
Kyle,Kaitlyn,Carroll,1972-03-05 00:00,administrator,harrisonkevin,9e4ff3fc208ccd4d5f2e0ebbc793c30091e70a8a33d2230485774d3ed1251b84,2021-03-06 00:00,2024-04-16 04:32
Samuel,,George,2001-01-06 00:00,administrator,cassandra01,535bd5841977df3c752d49d61659785498d2066708f037877d3e4db737dab34b,2022-12-01 00:00,2024-04-25 04:56
Brenda,Andrew,Hubbard,1997-10-02 00:00,administrator,hinesgregory,85bb2f93b6f3c5860f0efee1bd886280eb9fe0ddfc8b988cc5b55f1c9927da2d,2021-11-29 00:00,2024-04-08 19:47
Wendy,,Graham,1997-05-29 00:00,instructor,harrisonricky,20cb5b8d065db98e332c748c4a17643655f36a919d08467d29a2d2b0fcaf8f97,2020-06-14 00:00,2024-04-05 12:34
Robert,Tyler,Bates,1977-07-18 00:00,instructor,gibsonleonard,3c057c84312cf59bb4a173a7b004cfc489a2425fe6687eb1d279e0472102cd16,2024-03-12 00:00,2024-04-12 08:51
Xavier,,Travis,1989-11-22 00:00,administrator,mgutierrez,64b265fa277c25582ded82d778133ab98f65e4a8cb24a492d1475aa2a96a8e83,2022-09-10 00:00,2024-04-15 00:32
Scott,Brett,Adams,1964-08-11 00:00,student,samuel71,f37febffb021ac3c9d22247e4e99c74f1c9a92b3ec4e0a91c0bcf4d8a5876d2c,2022-09-22 00:00,2024-04-23 11:37
Jennifer,,Collins,1958-12-24 00:00,instructor,hdavis,48db1226ccb1efa4538fc3d9c8a8425f34653b137682f1eaf33c0ecdf19793cc,2020-07-04 00:00,2024-04-24 09:47
Tyrone,Jennifer,Hicks,1971-06-13 00:00,student,pbaird,98825c006d0a363ba7679d63f4dec73c9142c840f1e965ea5384cf79f3c8ceac,2020-08-16 00:00,2024-04-06 08:41
Carol,Julie,Taylor,1961-09-03 00:00,instructor,ymorgan,dde2a767eae5404e9c112af17cc61903a4e44e3c8c614a670a94b549bf426f10,2023-07-20 00:00,2024-04-08 22:56
Kenneth,Brenda,Duarte,1981-10-29 00:00,administrator,seanwashington,994179063a51364c111145ecf9946dfdcd11042701305b72db3a431a1550c5b9,2023-04-20 00:00,2024-04-11 14:39
Sarah,,Kane,2005-05-26 00:00,instructor,ashleyhall,f0a8ec363c6aaed6e8cdb58a612e82e78ce34d731183531e2b1331cf6c18385b,2020-03-09 00:00,2024-04-21 22:45
Janet,Lisa,Hughes,1990-03-07 00:00,instructor,tylerjohnson,cf06e97ddd8a700355bc1797499f9e8dc89461c725714cdaddabb6879a9cd910,2022-07-21 00:00,2024-04-25 11:08
Morgan,,Alexander,1983-07-27 00:00,instructor,jsmith,9f8b1e879f4f2956ecaeb3ef1cbc5f077dface4d672da135d314bed1cd16fa73,2022-10-31 00:00,2024-04-05 08:12
Terrance,Tanya,Morgan,1991-07-29 00:00,administrator,christianmelissa,c323ea56720e1afa9a725ca917799d02e6ba196c81a1673b47ac97a1e38f8240,2021-08-23 00:00,2024-04-09 21:46
Jennifer,,Malone,2000-03-13 00:00,student,williamsonjimmy,26389f90abcf17305b6f78f8324dfdce930c0b3c106505eff66ae9f5bfbc07c7,2021-03-30 00:00,2024-04-07 09:34
Christopher,Tiffany,Hodges,1992-02-10 00:00,instructor,wallaceheather,73b07a89873bead7f3e8d386e0352920cdfb3875e402b2c42dffdd6159048fa5,2020-03-13 00:00,2024-04-23 09:29
Kelly,,Brooks,1965-04-24 00:00,administrator,yknight,c9f058d06e28b73b92800e31be2cfe0f9067f58472bc6bf38181d342927dca21,2020-10-03 00:00,2024-04-18 03:28
Patrick,,Vega,1982-03-19 00:00,student,jesselittle,d859b8d049800498124d0c91abb7d50887cf3d535b20d1960f5b682f294c18e3,2022-11-19 00:00,2024-04-26 06:51
Steven,,Roberts,1984-07-23 00:00,student,alexandermichael,53d631e0ebcce55a2d848ca720c1b6538354df5368a9717d85add6b5a7e1a7d9,2022-10-06 00:00,2024-04-12 22:27
John,Megan,Gonzalez,1976-10-15 00:00,instructor,yrodriguez,380512ef3a345450f4863fb6de0bc20c923cd0464140424619224cd303260aa4,2022-06-27 00:00,2024-04-28 22:10
Kenneth,Tiffany,Barrett,1971-07-02 00:00,instructor,lozanojulie,f2b40def3e5f34d41a61c7a8ee56a12f36c2ed0619b1d5bcb39b862a96336052,2023-11-27 00:00,2024-04-22 19:42
Jerry,Laurie,Robinson,1967-06-14 00:00,student,erica21,bd0553acafc4bf25e3ba23083eb91300a62740c627ba891e83e694672d320dba,2022-10-18 00:00,2024-04-09 16:33
Scott,Bethany,Oconnor,1962-08-26 00:00,administrator,mark62,7f5ec55c9da55b0865c7bebd5d7d37bce2eedbb6ea7028f2f107adcfc2a3ac33,2023-05-27 00:00,2024-04-25 15:42
Michael,Warren,Nelson,1966-03-22 00:00,administrator,scoffey,920817000f559e79dee17c0124f9339348f9fafd179ee0aa9eebf2cda433543b,2021-06-19 00:00,2024-04-04 05:45
Sydney,Donald,Levy,1999-08-11 00:00,instructor,zcoffey,1c5b126d29f725358756bd09ce3a3585c454164519099873fe66d631d456cbaf,2020-05-22 00:00,2024-04-12 02:22
